Workbook

Sheet global_freelancers_raw
A1: freelancer_ID | B1: name | C1: gender | D1: age | E1: country | F1: language | G1: primary_skill | H1: years_of_experience | I1: hourly_rate (USD) | J1: rating | K1: is_active | L1: client_satisfaction
A2: FL250001 | B2: Ms. Nicole Kidd | C2: f | D2: 52 | E2: Italy | F2: Italian | G2: Blockchain Development | H2: 11 | I2: 100 | K2: 0
A3: FL250002 | B3: Vanessa Garcia | C3: FEMALE | D3: 52 | E3: Australia | F3: English | G3: Mobile Apps | H3: 34 | I3: USD 100 | J3: 3.3 | K3: 1 | L3: 0.84
A4: FL250003 | B4: Juan Nelson | C4: male | D4: 53 | E4: Germany | F4: German | G4: Graphic Design | H4: 31 | I4: 50 | J4: 0 | K4: N | L4: 0.71
A5: FL250004 | B5: Amanda Spencer | C5: F | D5: 38 | E5: Australia | F5: English | G5: Web Development | H5: 4 | I5: 40 | J5: 1.5 | K5: N | L5: 0.9
A6: FL250005 | B6: Lynn Curtis DDS | C6: female | D6: 53 | E6: Germany | F6: German | G6: Web Development | H6: 27 | I6: 30 | J6: 4.8 | K6: 0 | L6: 0.83
A7: FL250006 | B7: Lisa Johnson | C7: female | D7: 59 | E7: Netherlands | F7: Dutch | G7: AI | H7: 14 | I7: 30 | J7: 2.4 | K7: FALSE
A8: FL250007 | B8: Eric Myers | C8: m | D8: 52 | E8: Indonesia | F8: Indonesian | G8: Data Analysis | H8: 10 | I8: USD 75 | J8: 3.1 | K8: 0 | L8: 0.94
A9: FL250008 | B9: Ricky Graham | C9: male | D9: 43 | E9: Italy | F9: Italian | G9: Blockchain Development | H9: 14 | I9: USD 40 | J9: 4.6 | K9: FALSE | L9: 0.94
A10: FL250009 | B10: Sean Martin | C10: male | D10: 26 | E10: United States | F10: English | G10: Blockchain Development | H10: 4 | J10: 4 | K10: TRUE | L10: 0.76
A11: FL250010 | B11: Matthew Lloyd | C11: MALE | D11: 52 | E11: Turkey | F11: Turkish | G11: AI | H11: 22 | I11: 50 | K11: 1
A12: FL250011 | B12: Gavin Randall | C12: m | D12: 40 | E12: United Kingdom | F12: English | G12: Data Analysis | H12: 17 | I12: 40 | J12: 3.6 | K12: yes | L12: 0.77
A13: FL250012 | B13: Michelle Curtis | C13: FEMALE | D13: 55 | E13: Argentina | F13: Spanish | G13: UI/UX Design | H13: 15 | K13: Y | L13: 0.86
A14: FL250013 | B14: Alice Schneider | C14: Female | D14: 57 | E14: United Kingdom | F14: English | G14: Cybersecurity | H14: 18 | J14: 2 | K14: 0 | L14: 0.86
A15: FL250014 | B15: Phillip Shelton | C15: MALE | D15: 38 | E15: Argentina | F15: Spanish | G15: Graphic Design | H15: 20 | I15: USD 75 | J15: 2.9 | K15: 1 | L15: 0.93
A16: FL250015 | B16: Edward Ferguson | C16: MALE | D16: 50 | E16: Germany | F16: German | G16: Data Analysis | H16: 22 | I16: 75 | J16: 3.7 | K16: 1 | L16: 0.7
A17: FL250016 | B17: Wyatt Stout | C17: m | D17: 42 | E17: Japan | F17: Japanese | G17: Data Analysis | H17: 0 | I17: 30 | J17: 1.2 | K17: 0 | L17: 0.69
A18: FL250017 | B18: Laura Johnson | C18: Female | D18: 39 | E18: Australia | F18: English | G18: DevOps | H18: 13 | I18: 30 | J18: 2.5 | K18: FALSE | L18: 0.6
A19: FL250018 | B19: Scott Burns | C19: M | D19: 56 | E19: India | F19: Hindi | G19: Blockchain Development | L19: 0.87
A20: FL250019 | B20: Tyler Aguirre | C20: Male | D20: 56 | E20: United States | F20: English | G20: UI/UX Design | H20: 31 | I20: USD 50 | J20: 1.1 | K20: N | L20: 0.75
A21: FL250020 | B21: Matthew Lawson | C21: Male | D21: 57 | E21: Italy | F21: Italian | G21: Web Development | H21: 3 | I21: USD 100 | J21: 1.8 | K21: yes | L21: 0.68
A22: FL250021 | B22: James Cherry | C22: Male | E22: Indonesia | F22: Indonesian | G22: AI | H22: 9 | I22: 50 | J22: 1.8 | K22: FALSE | L22: 0.65
A23: FL250022 | B23: Samuel Sanford | C23: m | D23: 51 | E23: Japan | F23: Japanese | G23: DevOps | J23: 2.4 | K23: N | L23: 0.69
A24: FL250023 | B24: Cesar Greene | C24: m | D24: 51 | E24: Brazil | F24: Portuguese | G24: Cybersecurity | H24: 21 | I24: USD 30 | J24: 4.7 | K24: N
A25: FL250024 | B25: Melanie Carter | C25: female | D25: 51 | E25: South Korea | F25: Korean | G25: Machine Learning | H25: 15 | I25: 50 | J25: 1.3 | K25: 1 | L25: 1
A26: FL250025 | B26: Jennifer Martin | C26: f | D26: 54 | E26: Indonesia | F26: Indonesian | G26: Machine Learning | H26: 13 | I26: 75 | J26: 2.9 | L26: 92
A27: FL250026 | B27: Anna Mccann | C27: FEMALE | D27: 22 | E27: South Korea | F27: Korean | G27: DevOps | H27: 0 | I27: USD 30 | J27: 1.2 | K27: 1 | L27: 0.7
A28: FL250027 | B28: Marissa Bass | C28: female | D28: 34 | E28: Japan | F28: Japanese | G28: Blockchain Development | H28: 8 | I28: 20 | J28: 0 | K28: TRUE | L28: 0.89
A29: FL250028 | B29: Alexis Day | C29: Female | D29: 36 | E29: Russia | F29: Russian | G29: Graphic Design | H29: 11 | J29: 1.8 | K29: Y | L29: 0.86
A30: FL250029 | B30: Megan Jones | C30: female | D30: 47 | E30: Canada | F30: English | G30: AI | H30: 22 | I30: 30 | J30: 1.3 | K30: 0 | L30: 0.62
A31: FL250030 | B31: Lori Smith | C31: FEMALE | D31: 41 | E31: Netherlands | F31: Dutch | G31: Data Analysis | H31: 14 | I31: USD 75 | J31: 1.2 | K31: 0
A32: FL250031 | B32: Eric Carpenter | C32: Male | D32: 22 | E32: Netherlands | F32: Dutch | G32: DevOps | H32: 4 | J32: 1 | K32: yes
A33: FL250032 | B33: Timothy Daniels | C33: Male | D33: 38 | E33: France | F33: French | G33: Machine Learning | H33: 19 | I33: USD 100 | J33: 4.2 | K33: N | L33: 0.68
A34: FL250033 | B34: Robert Nelson | C34: M | D34: 46 | E34: Egypt | F34: Arabic | G34: AI | H34: 9 | I34: 20 | J34: 1.4 | K34: TRUE | L34: 0.76
A35: FL250034 | B35: Michael Anderson | C35: male | E35: South Korea | F35: Korean | G35: AI | H35: 9 | I35: 40 | J35: 2.4 | K35: yes | L35: 82
A36: FL250035 | B36: Jessica Snyder | C36: FEMALE | D36: 54 | E36: United States | F36: English | G36: Web Development | H36: 32 | I36: 75 | J36: 1 | K36: yes | L36: 0.81
A37: FL250036 | B37: Emily Daniels | C37: female | D37: 52 | E37: South Korea | F37: Korean | G37: Web Development | H37: 28 | I37: 20 | K37: 0
A38: FL250037 | B38: Jamie Ramirez | C38: f | D38: 42 | E38: Japan | F38: Japanese | G38: Mobile Apps | H38: 6 | I38: 40 | K38: 0 | L38: 0.63
A39: FL250038 | B39: Amy Harrison | C39: F | D39: 29 | E39: Netherlands | F39: Dutch | G39: Graphic Design | H39: 10 | I39: 40 | J39: 2.2 | K39: N | L39: 0.67
A40: FL250039 | B40: Melinda White | C40: F | D40: 42 | E40: South Africa | F40: Afrikaans | G40: Mobile Apps | H40: 23 | I40: 50 | J40: 3.2 | K40: yes
A41: FL250040 | B41: James Hernandez | C41: Male | D41: 60 | E41: Japan | F41: Japanese | G41: Web Development | H41: 13 | I41: 20 | J41: 3.6 | K41: 0 | L41: 0.8
A42: FL250041 | B42: Angelica Rogers | C42: Female | D42: 59 | E42: United Kingdom | F42: English | G42: AI | H42: 3 | I42: USD 50 | J42: 0 | K42: no
A43: FL250042 | B43: Savannah Williams | C43: Female | D43: 21 | E43: Canada | F43: English | G43: Web Development | H43: 0 | I43: 30 | J43: 2.7 | K43: 1 | L43: 0.84
A44: FL250043 | B44: Kaitlyn Schmidt | C44: Female | D44: 35 | E44: Germany | F44: German | G44: DevOps | H44: 10 | I44: 50 | J44: 0 | K44: no
A45: FL250044 | B45: Jason Singh | C45: male | D45: 41 | E45: United Kingdom | F45: English | G45: Data Analysis | I45: 20 | J45: 2.8 | K45: TRUE | L45: 0.63
A46: FL250045 | B46: Michelle Ramirez | C46: Female | D46: 51 | E46: Netherlands | F46: Dutch | G46: Machine Learning | H46: 23 | I46: 20 | J46: 2.5 | K46: FALSE | L46: 0.8
A47: FL250046 | B47: James Brown | C47: male | D47: 41 | E47: South Africa | F47: Afrikaans | G47: Web Development | H47: 9 | I47: 75 | J47: 4.9 | K47: 1 | L47: 0.74
A48: FL250047 | B48: Mrs. Samantha Simmons | C48: Female | D48: 47 | E48: Egypt | F48: Arabic | G48: DevOps | H48: 15 | I48: USD 30 | J48: 4.5 | K48: 1 | L48: 0.85
A49: FL250048 | B49: Chase Mason | C49: male | D49: 25 | E49: China | F49: Mandarin | G49: Graphic Design | H49: 4 | I49: 50 | J49: 2.7 | K49: N | L49: 0.77
A50: FL250049 | B50: Dominique Ward | C50: F | D50: 25 | E50: Mexico | F50: Spanish | G50: Mobile Apps | H50: 7 | I50: 20 | J50: 1.9 | K50: 0
A51: FL250050 | B51: Lance Griffin | C51: m | D51: 29 | E51: Netherlands | F51: Dutch | G51: UI/UX Design | H51: 1 | I51: 20 | J51: 1.4 | K51: 1 | L51: 0.63
A52: FL250051 | B52: Julie Burgess | C52: FEMALE | D52: 23 | E52: Argentina | F52: Spanish | G52: Cybersecurity | H52: 0 | I52: 75 | J52: 1.9 | K52: TRUE | L52: 0.79
A53: FL250052 | B53: Don Scott | C53: male | D53: 31 | E53: France | F53: French | G53: Data Analysis | H53: 8 | I53: 50 | J53: 3.4 | K53: 0
A54: FL250053 | B54: Kyle Atkinson | C54: Male | D54: 51 | E54: Germany | F54: German | G54: Machine Learning | H54: 33 | I54: 75 | J54: 3.3 | L54: 0.68
A55: FL250054 | B55: Jimmy Hogan | C55: m | E55: Spain | F55: Spanish | G55: UI/UX Design | H55: 1 | I55: 30 | J55: 0 | K55: 0 | L55: 0.68
A56: FL250055 | B56: Jennifer Mcintyre | C56: f | D56: 29 | E56: Turkey | F56: Turkish | G56: Cybersecurity | H56: 11 | I56: 100 | J56: 2.3 | K56: TRUE | L56: 0.72
A57: FL250056 | B57: Larry Simpson | C57: m | D57: 50 | E57: United Kingdom | F57: English | G57: AI | H57: 15 | J57: 2 | K57: yes | L57: 0.65
A58: FL250057 | B58: Laura Price | C58: f | D58: 26 | E58: United Kingdom | F58: English | G58: DevOps | H58: 8 | I58: 50 | J58: 1.3 | K58: FALSE | L58: 0.76
A59: FL250058 | B59: Mark Wright | C59: Male | D59: 38 | E59: Canada | F59: English | G59: AI | H59: 17 | I59: USD 40 | J59: 4 | K59: TRUE | L59: 0.9
A60: FL250059 | B60: Samantha Mcdaniel | C60: FEMALE | D60: 23 | E60: India | F60: Hindi | G60: Mobile Apps | I60: 75 | J60: 3.6 | K60: 1 | L60: 0.65
A61: FL250060 | B61: Barbara Foster | C61: Female | D61: 51 | E61: South Africa | F61: Afrikaans | G61: DevOps | H61: 28 | I61: 40 | J61: 3.9 | K61: 0 | L61: 0.63
A62: FL250061 | B62: Courtney Tran | C62: F | D62: 51 | E62: Indonesia | F62: Indonesian | G62: AI | H62: 33 | I62: 75 | J62: 0 | K62: TRUE
A63: FL250062 | B63: Eddie Todd | C63: Male | D63: 47 | E63: Germany | F63: German | G63: AI | H63: 18 | I63: 75 | J63: 0 | K63: 0
A64: FL250063 | B64: Christine Johnson | C64: Female | D64: 34 | E64: Russia | F64: Russian | G64: UI/UX Design | H64: 16 | I64: 20 | J64: 2.3 | K64: yes | L64: 0.93
A65: FL250064 | B65: Leah Phelps | C65: f | D65: 58 | E65: Indonesia | F65: Indonesian | G65: Data Analysis | H65: 35 | I65: USD 50 | J65: 4.7 | K65: no | L65: 0.7
A66: FL250065 | B66: Rebekah Williams | C66: F | D66: 50 | E66: Russia | F66: Russian | G66: AI | H66: 14 | J66: 3.5 | K66: Y | L66: 0.83
A67: FL250066 | B67: Crystal Wilson | C67: FEMALE | D67: 34 | E67: Spain | F67: Spanish | G67: Web Development | H67: 12 | I67: 40 | J67: 2.4 | K67: 1 | L67: 64
A68: FL250067 | B68: Ashley Cordova | C68: Female | D68: 45 | E68: Brazil | F68: Portuguese | G68: AI | H68: 11 | I68: USD 75 | J68: 4 | K68: N | L68: 1
A69: FL250068 | B69: Vicki Kelly | C69: FEMALE | D69: 55 | E69: Brazil | F69: Portuguese | G69: Web Development | H69: 0 | I69: 40 | J69: 0 | K69: TRUE
A70: FL250069 | B70: Corey Warren | C70: m | E70: Argentina | F70: Spanish | G70: UI/UX Design | H70: 6 | I70: 100 | J70: 1.5 | K70: FALSE
A71: FL250070 | B71: Gina Thompson | C71: FEMALE | D71: 60 | E71: China | F71: Mandarin | G71: UI/UX Design | H71: 38 | I71: 20 | J71: 2 | K71: no | L71: 0.71
A72: FL250071 | B72: Yvonne Berg | C72: f | D72: 33 | E72: South Africa | F72: Afrikaans | G72: Mobile Apps | H72: 11 | K72: yes | L72: 0.84
A73: FL250072 | B73: Thomas Miller | C73: M | D73: 60 | E73: Italy | F73: Italian | G73: DevOps | H73: 13 | I73: USD 50 | J73: 1 | K73: FALSE
A74: FL250073 | B74: Nicholas Burton | C74: MALE | D74: 40 | E74: United States | F74: English | G74: Web Development | H74: 9 | I74: 100 | J74: 4.5 | K74: yes | L74: 0.69
A75: FL250074 | B75: Jorge Riley | C75: Male | D75: 59 | E75: Australia | F75: English | G75: Blockchain Development | H75: 4 | J75: 1.9 | K75: FALSE | L75: 88
A76: FL250075 | B76: Melvin Harris | C76: M | D76: 36 | E76: Italy | F76: Italian | G76: Machine Learning | H76: 14 | I76: 100 | J76: 3.7 | K76: 0
A77: FL250076 | B77: Jeremy Meyer | C77: Male | D77: 32 | E77: India | F77: Hindi | G77: Data Analysis | I77: 30 | J77: 1.9 | K77: TRUE | L77: 0.96
A78: FL250077 | B78: Timothy Lee | C78: male | D78: 59 | E78: Australia | F78: English | G78: AI | H78: 9 | I78: USD 75 | J78: 4 | K78: 1 | L78: 96
A79: FL250078 | B79: Diana Bautista | C79: F | D79: 54 | E79: Spain | F79: Spanish | G79: DevOps | H79: 32 | I79: USD 40 | J79: 1.8 | K79: N
A80: FL250079 | B80: Leslie Rodriguez | C80: f | D80: 37 | E80: Canada | F80: English | G80: Graphic Design | H80: 9 | J80: 0 | K80: 1 | L80: 0.89
A81: FL250080 | B81: Noah Wiggins | C81: MALE | D81: 54 | E81: India | F81: Hindi | G81: Machine Learning | H81: 21 | I81: 100 | J81: 4.6 | K81: FALSE
A82: FL250081 | B82: Bridget Williams | C82: Female | D82: 33 | E82: Argentina | F82: Spanish | G82: UI/UX Design | H82: 12 | I82: 100 | J82: 3.6 | K82: 0 | L82: 0.63
A83: FL250082 | B83: Veronica Baker | C83: f | D83: 25 | E83: Egypt | F83: Arabic | G83: Web Development | H83: 7 | I83: USD 40 | J83: 4.4 | L83: 81
A84: FL250083 | B84: Andrew Avila | C84: Male | E84: China | F84: Mandarin | G84: DevOps | H84: 3 | I84: 40 | J84: 4.6 | K84: N | L84: 0.74
A85: FL250084 | B85: Michael Roberson | C85: male | D85: 35 | E85: South Korea | F85: Korean | G85: Web Development | H85: 5 | I85: 75 | J85: 3.2 | K85: FALSE | L85: 0.72
A86: FL250085 | B86: Austin Jenkins | C86: Male | D86: 59 | E86: South Korea | F86: Korean | G86: AI | H86: 30 | I86: 40 | J86: 0 | K86: TRUE
A87: FL250086 | B87: Brenda Green | C87: female | D87: 21 | E87: China | F87: Mandarin | G87: DevOps | H87: 2 | I87: 100 | J87: 2.6 | K87: Y | L87: 0.85
A88: FL250087 | B88: Samuel Pierce | C88: M | D88: 25 | E88: United States | F88: English | G88: Mobile Apps | H88: 2 | I88: 75 | J88: 3.7 | K88: N
A89: FL250088 | B89: Briana Smith | C89: f | D89: 38 | E89: Mexico | F89: Spanish | G89: Web Development | H89: 19 | I89: 75 | J89: 2.3 | K89: FALSE | L89: 0.61
A90: FL250089 | B90: Ronald Barrett | C90: Male | D90: 57 | E90: Russia | F90: Russian | G90: AI | H90: 16 | I90: 100 | J90: 3.1 | K90: FALSE
A91: FL250090 | B91: Matthew Smith | C91: m | D91: 32 | E91: India | F91: Hindi | G91: Mobile Apps | H91: 10 | I91: 20 | J91: 2.4 | K91: 0 | L91: 0.86
A92: FL250091 | B92: Logan Huang | C92: male | D92: 21 | E92: Italy | F92: Italian | G92: DevOps | H92: 2 | I92: USD 100 | J92: 1.6 | K92: yes | L92: 0.97
A93: FL250092 | B93: Miranda Hutchinson | C93: Female | D93: 57 | E93: Canada | F93: English | G93: Cybersecurity | H93: 18 | I93: 50 | J93: 2.4 | K93: 1 | L93: 0.63
A94: FL250093 | B94: Paul Richardson | C94: male | D94: 53 | E94: China | F94: Mandarin | G94: UI/UX Design | H94: 21 | I94: USD 100 | K94: Y | L94: 0.97
A95: FL250094 | B95: Jose Jones | C95: M | D95: 35 | E95: Russia | F95: Russian | G95: Blockchain Development | H95: 3 | I95: USD 30 | J95: 3.8 | K95: yes | L95: 0.81
A96: FL250095 | B96: Denise Smith | C96: f | D96: 54 | E96: China | F96: Mandarin | G96: Machine Learning | H96: 17 | I96: 20 | J96: 1.7 | K96: 0 | L96: 0.69
A97: FL250096 | B97: Shelby Mcmahon | C97: FEMALE | D97: 36 | E97: Italy | F97: Italian | G97: UI/UX Design | H97: 0 | I97: 20 | J97: 1.3 | K97: Y | L97: 0.64
A98: FL250097 | B98: Bethany Wright | C98: f | D98: 49 | E98: Spain | F98: Spanish | G98: Cybersecurity | H98: 25 | I98: 50 | J98: 5 | K98: N | L98: 0.77
A99: FL250098 | B99: David Ortiz | C99: Male | D99: 37 | E99: United States | F99: English | G99: Blockchain Development | H99: 17 | I99: 20 | J99: 3.3 | K99: 0 | L99: 96
A100: FL250099 | B100: Andrew Lynch | C100: MALE | E100: United States | F100: English | G100: UI/UX Design | H100: 5 | I100: 20 | J100: 1.1 | K100: no | L100: 0.74
...

Sheet worksheet
A1: Freelancer id | B1: Name | C1: Name | D1: Gender | E1: Gender | F1: Age | G1: Country | H1: Language | I1: Primary skill | J1: Years of experience | K1: Hourly rate (USD) | L1: Hourly rate (USD) | M1: Rating | N1: Is Active | O1: client_satisfaction | P1: Client satisfaction
A2: FL250001 | B2: Ms. Nicole Kidd | C2: =PROPER(B2) -> Ms. Nicole Kidd | D2: female | E2: =PROPER(D2) -> Female | F2: 52 | G2: Italy | H2: Italian | I2: Blockchain Development | J2: 11 | K2: 100 | L2: =IF(K2="","",IF(LEFT(K2,3)="USD","$"&MID(K2,4,LEN(K2)-3),K2)) -> 100 | M2: 3 | N2: 0 | O2: 16 | P2: =IF(O2="","",IF(O2<1,O2,O2/100)) -> 0.16
A3: FL250002 | B3: Vanessa Garcia | C3: =PROPER(B3) -> Vanessa Garcia | D3: FEMALE | E3: =PROPER(D3) -> Female | F3: 52 | G3: Australia | H3: English | I3: Mobile Apps | J3: 34 | K3: USD 100 | L3: =IF(K3="","",IF(LEFT(K3,3)="USD","$"&MID(K3,4,LEN(K3)-3),K3)) -> $ 100 | M3: 3.3 | N3: 1 | O3: 0.84 | P3: =IF(O3="","",IF(O3<1,O3,O3/100)) -> 0.84
A4: FL250003 | B4: Juan Nelson | C4: =PROPER(B4) -> Juan Nelson | D4: male | E4: =PROPER(D4) -> Male | F4: 53 | G4: Germany | H4: German | I4: Graphic Design | J4: 31 | K4: 50 | L4: =IF(K4="","",IF(LEFT(K4,3)="USD","$"&MID(K4,4,LEN(K4)-3),K4)) -> 50 | M4: 0 | N4: 0 | O4: 0.71 | P4: =IF(O4="","",IF(O4<1,O4,O4/100)) -> 0.71
A5: FL250004 | B5: Amanda Spencer | C5: =PROPER(B5) -> Amanda Spencer | D5: female | E5: =PROPER(D5) -> Female | F5: 38 | G5: Australia | H5: English | I5: Web Development | J5: 4 | K5: 40 | L5: =IF(K5="","",IF(LEFT(K5,3)="USD","$"&MID(K5,4,LEN(K5)-3),K5)) -> 40 | M5: 1.5 | N5: 0 | O5: 0.9 | P5: =IF(O5="","",IF(O5<1,O5,O5/100)) -> 0.9
A6: FL250005 | B6: Lynn Curtis DDS | C6: =PROPER(B6) -> Lynn Curtis Dds | D6: female | E6: =PROPER(D6) -> Female | F6: 53 | G6: Germany | H6: German | I6: Web Development | J6: 27 | K6: 30 | L6: =IF(K6="","",IF(LEFT(K6,3)="USD","$"&MID(K6,4,LEN(K6)-3),K6)) -> 30 | M6: 4.8 | N6: 0 | O6: 0.83 | P6: =IF(O6="","",IF(O6<1,O6,O6/100)) -> 0.83
A7: FL250006 | B7: Lisa Johnson | C7: =PROPER(B7) -> Lisa Johnson | D7: female | E7: =PROPER(D7) -> Female | F7: 59 | G7: Netherlands | H7: Dutch | I7: AI | J7: 14 | K7: 30 | L7: =IF(K7="","",IF(LEFT(K7,3)="USD","$"&MID(K7,4,LEN(K7)-3),K7)) -> 30 | M7: 2.4 | N7: 0 | O7: 16 | P7: =IF(O7="","",IF(O7<1,O7,O7/100)) -> 0.16
A8: FL250007 | B8: Eric Myers | C8: =PROPER(B8) -> Eric Myers | D8: male | E8: =PROPER(D8) -> Male | F8: 52 | G8: Indonesia | H8: Indonesian | I8: Data Analysis | J8: 10 | K8: USD 75 | L8: =IF(K8="","",IF(LEFT(K8,3)="USD","$"&MID(K8,4,LEN(K8)-3),K8)) -> $ 75 | M8: 3.1 | N8: 0 | O8: 0.94 | P8: =IF(O8="","",IF(O8<1,O8,O8/100)) -> 0.94
A9: FL250008 | B9: Ricky Graham | C9: =PROPER(B9) -> Ricky Graham | D9: male | E9: =PROPER(D9) -> Male | F9: 43 | G9: Italy | H9: Italian | I9: Blockchain Development | J9: 14 | K9: USD 40 | L9: =IF(K9="","",IF(LEFT(K9,3)="USD","$"&MID(K9,4,LEN(K9)-3),K9)) -> $ 40 | M9: 4.6 | N9: 0 | O9: 0.94 | P9: =IF(O9="","",IF(O9<1,O9,O9/100)) -> 0.94
A10: FL250009 | B10: Sean Martin | C10: =PROPER(B10) -> Sean Martin | D10: male | E10: =PROPER(D10) -> Male | F10: 26 | G10: United States | H10: English | I10: Blockchain Development | J10: 4 | K10: 40 | L10: =IF(K10="","",IF(LEFT(K10,3)="USD","$"&MID(K10,4,LEN(K10)-3),K10)) -> 40 | M10: 4 | N10: 1 | O10: 0.76 | P10: =IF(O10="","",IF(O10<1,O10,O10/100)) -> 0.76
A11: FL250010 | B11: Matthew Lloyd | C11: =PROPER(B11) -> Matthew Lloyd | D11: MALE | E11: =PROPER(D11) -> Male | F11: 52 | G11: Turkey | H11: Turkish | I11: AI | J11: 22 | K11: 50 | L11: =IF(K11="","",IF(LEFT(K11,3)="USD","$"&MID(K11,4,LEN(K11)-3),K11)) -> 50 | M11: 3 | N11: 1 | O11: 16 | P11: =IF(O11="","",IF(O11<1,O11,O11/100)) -> 0.16
A12: FL250011 | B12: Gavin Randall | C12: =PROPER(B12) -> Gavin Randall | D12: male | E12: =PROPER(D12) -> Male | F12: 40 | G12: United Kingdom | H12: English | I12: Data Analysis | J12: 17 | K12: 40 | L12: =IF(K12="","",IF(LEFT(K12,3)="USD","$"&MID(K12,4,LEN(K12)-3),K12)) -> 40 | M12: 3.6 | N12: 1 | O12: 0.77 | P12: =IF(O12="","",IF(O12<1,O12,O12/100)) -> 0.77
A13: FL250012 | B13: Michelle Curtis | C13: =PROPER(B13) -> Michelle Curtis | D13: FEMALE | E13: =PROPER(D13) -> Female | F13: 55 | G13: Argentina | H13: Spanish | I13: UI/UX Design | J13: 15 | K13: 40 | L13: =IF(K13="","",IF(LEFT(K13,3)="USD","$"&MID(K13,4,LEN(K13)-3),K13)) -> 40 | M13: 3 | N13: 1 | O13: 0.86 | P13: =IF(O13="","",IF(O13<1,O13,O13/100)) -> 0.86
A14: FL250013 | B14: Alice Schneider | C14: =PROPER(B14) -> Alice Schneider | D14: Female | E14: =PROPER(D14) -> Female | F14: 57 | G14: United Kingdom | H14: English | I14: Cybersecurity | J14: 18 | K14: 40 | L14: =IF(K14="","",IF(LEFT(K14,3)="USD","$"&MID(K14,4,LEN(K14)-3),K14)) -> 40 | M14: 2 | N14: 0 | O14: 0.86 | P14: =IF(O14="","",IF(O14<1,O14,O14/100)) -> 0.86
A15: FL250014 | B15: Phillip Shelton | C15: =PROPER(B15) -> Phillip Shelton | D15: MALE | E15: =PROPER(D15) -> Male | F15: 38 | G15: Argentina | H15: Spanish | I15: Graphic Design | J15: 20 | K15: USD 75 | L15: =IF(K15="","",IF(LEFT(K15,3)="USD","$"&MID(K15,4,LEN(K15)-3),K15)) -> $ 75 | M15: 2.9 | N15: 1 | O15: 0.93 | P15: =IF(O15="","",IF(O15<1,O15,O15/100)) -> 0.93
A16: FL250015 | B16: Edward Ferguson | C16: =PROPER(B16) -> Edward Ferguson | D16: MALE | E16: =PROPER(D16) -> Male | F16: 50 | G16: Germany | H16: German | I16: Data Analysis | J16: 22 | K16: 75 | L16: =IF(K16="","",IF(LEFT(K16,3)="USD","$"&MID(K16,4,LEN(K16)-3),K16)) -> 75 | M16: 3.7 | N16: 1 | O16: 0.7 | P16: =IF(O16="","",IF(O16<1,O16,O16/100)) -> 0.7
A17: FL250016 | B17: Wyatt Stout | C17: =PROPER(B17) -> Wyatt Stout | D17: male | E17: =PROPER(D17) -> Male | F17: 42 | G17: Japan | H17: Japanese | I17: Data Analysis | J17: 11 | K17: 30 | L17: =IF(K17="","",IF(LEFT(K17,3)="USD","$"&MID(K17,4,LEN(K17)-3),K17)) -> 30 | M17: 1.2 | N17: 0 | O17: 0.69 | P17: =IF(O17="","",IF(O17<1,O17,O17/100)) -> 0.69
A18: FL250017 | B18: Laura Johnson | C18: =PROPER(B18) -> Laura Johnson | D18: Female | E18: =PROPER(D18) -> Female | F18: 39 | G18: Australia | H18: English | I18: DevOps | J18: 13 | K18: 30 | L18: =IF(K18="","",IF(LEFT(K18,3)="USD","$"&MID(K18,4,LEN(K18)-3),K18)) -> 30 | M18: 2.5 | N18: 0 | O18: 0.6 | P18: =IF(O18="","",IF(O18<1,O18,O18/100)) -> 0.6
A19: FL250018 | B19: Scott Burns | C19: =PROPER(B19) -> Scott Burns | D19: male | E19: =PROPER(D19) -> Male | F19: 56 | G19: India | H19: Hindi | I19: Blockchain Development | J19: 11 | K19: 40 | L19: =IF(K19="","",IF(LEFT(K19,3)="USD","$"&MID(K19,4,LEN(K19)-3),K19)) -> 40 | M19: 3 | N19: 1 | O19: 0.87 | P19: =IF(O19="","",IF(O19<1,O19,O19/100)) -> 0.87
A20: FL250019 | B20: Tyler Aguirre | C20: =PROPER(B20) -> Tyler Aguirre | D20: Male | E20: =PROPER(D20) -> Male | F20: 56 | G20: United States | H20: English | I20: UI/UX Design | J20: 31 | K20: USD 50 | L20: =IF(K20="","",IF(LEFT(K20,3)="USD","$"&MID(K20,4,LEN(K20)-3),K20)) -> $ 50 | M20: 1.1 | N20: 0 | O20: 0.75 | P20: =IF(O20="","",IF(O20<1,O20,O20/100)) -> 0.75
A21: FL250020 | B21: Matthew Lawson | C21: =PROPER(B21) -> Matthew Lawson | D21: Male | E21: =PROPER(D21) -> Male | F21: 57 | G21: Italy | H21: Italian | I21: Web Development | J21: 3 | K21: USD 100 | L21: =IF(K21="","",IF(LEFT(K21,3)="USD","$"&MID(K21,4,LEN(K21)-3),K21)) -> $ 100 | M21: 1.8 | N21: 1 | O21: 0.68 | P21: =IF(O21="","",IF(O21<1,O21,O21/100)) -> 0.68
A22: FL250021 | B22: James Cherry | C22: =PROPER(B22) -> James Cherry | D22: Male | E22: =PROPER(D22) -> Male | F22: 41 | G22: Indonesia | H22: Indonesian | I22: AI | J22: 9 | K22: 50 | L22: =IF(K22="","",IF(LEFT(K22,3)="USD","$"&MID(K22,4,LEN(K22)-3),K22)) -> 50 | M22: 1.8 | N22: 0 | O22: 0.65 | P22: =IF(O22="","",IF(O22<1,O22,O22/100)) -> 0.65
A23: FL250022 | B23: Samuel Sanford | C23: =PROPER(B23) -> Samuel Sanford | D23: male | E23: =PROPER(D23) -> Male | F23: 51 | G23: Japan | H23: Japanese | I23: DevOps | J23: 11 | K23: 40 | L23: =IF(K23="","",IF(LEFT(K23,3)="USD","$"&MID(K23,4,LEN(K23)-3),K23)) -> 40 | M23: 2.4 | N23: 0 | O23: 0.69 | P23: =IF(O23="","",IF(O23<1,O23,O23/100)) -> 0.69
A24: FL250023 | B24: Cesar Greene | C24: =PROPER(B24) -> Cesar Greene | D24: male | E24: =PROPER(D24) -> Male | F24: 51 | G24: Brazil | H24: Portuguese | I24: Cybersecurity | J24: 21 | K24: USD 30 | L24: =IF(K24="","",IF(LEFT(K24,3)="USD","$"&MID(K24,4,LEN(K24)-3),K24)) -> $ 30 | M24: 4.7 | N24: 0 | O24: 16 | P24: =IF(O24="","",IF(O24<1,O24,O24/100)) -> 0.16
A25: FL250024 | B25: Melanie Carter | C25: =PROPER(B25) -> Melanie Carter | D25: female | E25: =PROPER(D25) -> Female | F25: 51 | G25: South Korea | H25: Korean | I25: Machine Learning | J25: 15 | K25: 50 | L25: =IF(K25="","",IF(LEFT(K25,3)="USD","$"&MID(K25,4,LEN(K25)-3),K25)) -> 50 | M25: 1.3 | N25: 1 | O25: 1 | P25: =IF(O25="","",IF(O25<1,O25,O25/100)) -> 0.01
A26: FL250025 | B26: Jennifer Martin | C26: =PROPER(B26) -> Jennifer Martin | D26: female | E26: =PROPER(D26) -> Female | F26: 54 | G26: Indonesia | H26: Indonesian | I26: Machine Learning | J26: 13 | K26: 75 | L26: =IF(K26="","",IF(LEFT(K26,3)="USD","$"&MID(K26,4,LEN(K26)-3),K26)) -> 75 | M26: 2.9 | N26: 1 | O26: 92 | P26: =IF(O26="","",IF(O26<1,O26,O26/100)) -> 0.92
A27: FL250026 | B27: Anna Mccann | C27: =PROPER(B27) -> Anna Mccann | D27: FEMALE | E27: =PROPER(D27) -> Female | F27: 22 | G27: South Korea | H27: Korean | I27: DevOps | J27: 11 | K27: USD 30 | L27: =IF(K27="","",IF(LEFT(K27,3)="USD","$"&MID(K27,4,LEN(K27)-3),K27)) -> $ 30 | M27: 1.2 | N27: 1 | O27: 0.7 | P27: =IF(O27="","",IF(O27<1,O27,O27/100)) -> 0.7
A28: FL250027 | B28: Marissa Bass | C28: =PROPER(B28) -> Marissa Bass | D28: female | E28: =PROPER(D28) -> Female | F28: 34 | G28: Japan | H28: Japanese | I28: Blockchain Development | J28: 8 | K28: 20 | L28: =IF(K28="","",IF(LEFT(K28,3)="USD","$"&MID(K28,4,LEN(K28)-3),K28)) -> 20 | M28: 0 | N28: 1 | O28: 0.89 | P28: =IF(O28="","",IF(O28<1,O28,O28/100)) -> 0.89
A29: FL250028 | B29: Alexis Day | C29: =PROPER(B29) -> Alexis Day | D29: Female | E29: =PROPER(D29) -> Female | F29: 36 | G29: Russia | H29: Russian | I29: Graphic Design | J29: 11 | K29: 40 | L29: =IF(K29="","",IF(LEFT(K29,3)="USD","$"&MID(K29,4,LEN(K29)-3),K29)) -> 40 | M29: 1.8 | N29: 1 | O29: 0.86 | P29: =IF(O29="","",IF(O29<1,O29,O29/100)) -> 0.86
A30: FL250029 | B30: Megan Jones | C30: =PROPER(B30) -> Megan Jones | D30: female | E30: =PROPER(D30) -> Female | F30: 47 | G30: Canada | H30: English | I30: AI | J30: 22 | K30: 30 | L30: =IF(K30="","",IF(LEFT(K30,3)="USD","$"&MID(K30,4,LEN(K30)-3),K30)) -> 30 | M30: 1.3 | N30: 0 | O30: 0.62 | P30: =IF(O30="","",IF(O30<1,O30,O30/100)) -> 0.62
A31: FL250030 | B31: Lori Smith | C31: =PROPER(B31) -> Lori Smith | D31: FEMALE | E31: =PROPER(D31) -> Female | F31: 41 | G31: Netherlands | H31: Dutch | I31: Data Analysis | J31: 14 | K31: USD 75 | L31: =IF(K31="","",IF(LEFT(K31,3)="USD","$"&MID(K31,4,LEN(K31)-3),K31)) -> $ 75 | M31: 1.2 | N31: 0 | O31: 16 | P31: =IF(O31="","",IF(O31<1,O31,O31/100)) -> 0.16
A32: FL250031 | B32: Eric Carpenter | C32: =PROPER(B32) -> Eric Carpenter | D32: Male | E32: =PROPER(D32) -> Male | F32: 22 | G32: Netherlands | H32: Dutch | I32: DevOps | J32: 4 | K32: 40 | L32: =IF(K32="","",IF(LEFT(K32,3)="USD","$"&MID(K32,4,LEN(K32)-3),K32)) -> 40 | M32: 1 | N32: 1 | O32: 16 | P32: =IF(O32="","",IF(O32<1,O32,O32/100)) -> 0.16
A33: FL250032 | B33: Timothy Daniels | C33: =PROPER(B33) -> Timothy Daniels | D33: Male | E33: =PROPER(D33) -> Male | F33: 38 | G33: France | H33: French | I33: Machine Learning | J33: 19 | K33: USD 100 | L33: =IF(K33="","",IF(LEFT(K33,3)="USD","$"&MID(K33,4,LEN(K33)-3),K33)) -> $ 100 | M33: 4.2 | N33: 0 | O33: 0.68 | P33: =IF(O33="","",IF(O33<1,O33,O33/100)) -> 0.68
A34: FL250033 | B34: Robert Nelson | C34: =PROPER(B34) -> Robert Nelson | D34: male | E34: =PROPER(D34) -> Male | F34: 46 | G34: Egypt | H34: Arabic | I34: AI | J34: 9 | K34: 20 | L34: =IF(K34="","",IF(LEFT(K34,3)="USD","$"&MID(K34,4,LEN(K34)-3),K34)) -> 20 | M34: 1.4 | N34: 1 | O34: 0.76 | P34: =IF(O34="","",IF(O34<1,O34,O34/100)) -> 0.76
A35: FL250034 | B35: Michael Anderson | C35: =PROPER(B35) -> Michael Anderson | D35: male | E35: =PROPER(D35) -> Male | F35: 41 | G35: South Korea | H35: Korean | I35: AI | J35: 9 | K35: 40 | L35: =IF(K35="","",IF(LEFT(K35,3)="USD","$"&MID(K35,4,LEN(K35)-3),K35)) -> 40 | M35: 2.4 | N35: 1 | O35: 82 | P35: =IF(O35="","",IF(O35<1,O35,O35/100)) -> 0.82
A36: FL250035 | B36: Jessica Snyder | C36: =PROPER(B36) -> Jessica Snyder | D36: FEMALE | E36: =PROPER(D36) -> Female | F36: 54 | G36: United States | H36: English | I36: Web Development | J36: 32 | K36: 75 | L36: =IF(K36="","",IF(LEFT(K36,3)="USD","$"&MID(K36,4,LEN(K36)-3),K36)) -> 75 | M36: 1 | N36: 1 | O36: 0.81 | P36: =IF(O36="","",IF(O36<1,O36,O36/100)) -> 0.81
A37: FL250036 | B37: Emily Daniels | C37: =PROPER(B37) -> Emily Daniels | D37: female | E37: =PROPER(D37) -> Female | F37: 52 | G37: South Korea | H37: Korean | I37: Web Development | J37: 28 | K37: 20 | L37: =IF(K37="","",IF(LEFT(K37,3)="USD","$"&MID(K37,4,LEN(K37)-3),K37)) -> 20 | M37: 3 | N37: 0 | O37: 16 | P37: =IF(O37="","",IF(O37<1,O37,O37/100)) -> 0.16
A38: FL250037 | B38: Jamie Ramirez | C38: =PROPER(B38) -> Jamie Ramirez | D38: female | E38: =PROPER(D38) -> Female | F38: 42 | G38: Japan | H38: Japanese | I38: Mobile Apps | J38: 6 | K38: 40 | L38: =IF(K38="","",IF(LEFT(K38,3)="USD","$"&MID(K38,4,LEN(K38)-3),K38)) -> 40 | M38: 3 | N38: 0 | O38: 0.63 | P38: =IF(O38="","",IF(O38<1,O38,O38/100)) -> 0.63
A39: FL250038 | B39: Amy Harrison | C39: =PROPER(B39) -> Amy Harrison | D39: female | E39: =PROPER(D39) -> Female | F39: 29 | G39: Netherlands | H39: Dutch | I39: Graphic Design | J39: 10 | K39: 40 | L39: =IF(K39="","",IF(LEFT(K39,3)="USD","$"&MID(K39,4,LEN(K39)-3),K39)) -> 40 | M39: 2.2 | N39: 0 | O39: 0.67 | P39: =IF(O39="","",IF(O39<1,O39,O39/100)) -> 0.67
A40: FL250039 | B40: Melinda White | C40: =PROPER(B40) -> Melinda White | D40: female | E40: =PROPER(D40) -> Female | F40: 42 | G40: South Africa | H40: Afrikaans | I40: Mobile Apps | J40: 23 | K40: 50 | L40: =IF(K40="","",IF(LEFT(K40,3)="USD","$"&MID(K40,4,LEN(K40)-3),K40)) -> 50 | M40: 3.2 | N40: 1 | O40: 16 | P40: =IF(O40="","",IF(O40<1,O40,O40/100)) -> 0.16
A41: FL250040 | B41: James Hernandez | C41: =PROPER(B41) -> James Hernandez | D41: Male | E41: =PROPER(D41) -> Male | F41: 60 | G41: Japan | H41: Japanese | I41: Web Development | J41: 13 | K41: 20 | L41: =IF(K41="","",IF(LEFT(K41,3)="USD","$"&MID(K41,4,LEN(K41)-3),K41)) -> 20 | M41: 3.6 | N41: 0 | O41: 0.8 | P41: =IF(O41="","",IF(O41<1,O41,O41/100)) -> 0.8
A42: FL250041 | B42: Angelica Rogers | C42: =PROPER(B42) -> Angelica Rogers | D42: Female | E42: =PROPER(D42) -> Female | F42: 59 | G42: United Kingdom | H42: English | I42: AI | J42: 3 | K42: USD 50 | L42: =IF(K42="","",IF(LEFT(K42,3)="USD","$"&MID(K42,4,LEN(K42)-3),K42)) -> $ 50 | M42: 0 | N42: 1 | O42: 16 | P42: =IF(O42="","",IF(O42<1,O42,O42/100)) -> 0.16
A43: FL250042 | B43: Savannah Williams | C43: =PROPER(B43) -> Savannah Williams | D43: Female | E43: =PROPER(D43) -> Female | F43: 21 | G43: Canada | H43: English | I43: Web Development | J43: 11 | K43: 30 | L43: =IF(K43="","",IF(LEFT(K43,3)="USD","$"&MID(K43,4,LEN(K43)-3),K43)) -> 30 | M43: 2.7 | N43: 1 | O43: 0.84 | P43: =IF(O43="","",IF(O43<1,O43,O43/100)) -> 0.84
A44: FL250043 | B44: Kaitlyn Schmidt | C44: =PROPER(B44) -> Kaitlyn Schmidt | D44: Female | E44: =PROPER(D44) -> Female | F44: 35 | G44: Germany | H44: German | I44: DevOps | J44: 10 | K44: 50 | L44: =IF(K44="","",IF(LEFT(K44,3)="USD","$"&MID(K44,4,LEN(K44)-3),K44)) -> 50 | M44: 0 | N44: 1 | O44: 16 | P44: =IF(O44="","",IF(O44<1,O44,O44/100)) -> 0.16
A45: FL250044 | B45: Jason Singh | C45: =PROPER(B45) -> Jason Singh | D45: male | E45: =PROPER(D45) -> Male | F45: 41 | G45: United Kingdom | H45: English | I45: Data Analysis | J45: 11 | K45: 20 | L45: =IF(K45="","",IF(LEFT(K45,3)="USD","$"&MID(K45,4,LEN(K45)-3),K45)) -> 20 | M45: 2.8 | N45: 1 | O45: 0.63 | P45: =IF(O45="","",IF(O45<1,O45,O45/100)) -> 0.63
A46: FL250045 | B46: Michelle Ramirez | C46: =PROPER(B46) -> Michelle Ramirez | D46: Female | E46: =PROPER(D46) -> Female | F46: 51 | G46: Netherlands | H46: Dutch | I46: Machine Learning | J46: 23 | K46: 20 | L46: =IF(K46="","",IF(LEFT(K46,3)="USD","$"&MID(K46,4,LEN(K46)-3),K46)) -> 20 | M46: 2.5 | N46: 0 | O46: 0.8 | P46: =IF(O46="","",IF(O46<1,O46,O46/100)) -> 0.8
A47: FL250046 | B47: James Brown | C47: =PROPER(B47) -> James Brown | D47: male | E47: =PROPER(D47) -> Male | F47: 41 | G47: South Africa | H47: Afrikaans | I47: Web Development | J47: 9 | K47: 75 | L47: =IF(K47="","",IF(LEFT(K47,3)="USD","$"&MID(K47,4,LEN(K47)-3),K47)) -> 75 | M47: 4.9 | N47: 1 | O47: 0.74 | P47: =IF(O47="","",IF(O47<1,O47,O47/100)) -> 0.74
A48: FL250047 | B48: Mrs. Samantha Simmons | C48: =PROPER(B48) -> Mrs. Samantha Simmons | D48: Female | E48: =PROPER(D48) -> Female | F48: 47 | G48: Egypt | H48: Arabic | I48: DevOps | J48: 15 | K48: USD 30 | L48: =IF(K48="","",IF(LEFT(K48,3)="USD","$"&MID(K48,4,LEN(K48)-3),K48)) -> $ 30 | M48: 4.5 | N48: 1 | O48: 0.85 | P48: =IF(O48="","",IF(O48<1,O48,O48/100)) -> 0.85
A49: FL250048 | B49: Chase Mason | C49: =PROPER(B49) -> Chase Mason | D49: male | E49: =PROPER(D49) -> Male | F49: 25 | G49: China | H49: Mandarin | I49: Graphic Design | J49: 4 | K49: 50 | L49: =IF(K49="","",IF(LEFT(K49,3)="USD","$"&MID(K49,4,LEN(K49)-3),K49)) -> 50 | M49: 2.7 | N49: 0 | O49: 0.77 | P49: =IF(O49="","",IF(O49<1,O49,O49/100)) -> 0.77
A50: FL250049 | B50: Dominique Ward | C50: =PROPER(B50) -> Dominique Ward | D50: female | E50: =PROPER(D50) -> Female | F50: 25 | G50: Mexico | H50: Spanish | I50: Mobile Apps | J50: 7 | K50: 20 | L50: =IF(K50="","",IF(LEFT(K50,3)="USD","$"&MID(K50,4,LEN(K50)-3),K50)) -> 20 | M50: 1.9 | N50: 0 | O50: 16 | P50: =IF(O50="","",IF(O50<1,O50,O50/100)) -> 0.16
A51: FL250050 | B51: Lance Griffin | C51: =PROPER(B51) -> Lance Griffin | D51: male | E51: =PROPER(D51) -> Male | F51: 29 | G51: Netherlands | H51: Dutch | I51: UI/UX Design | J51: 1 | K51: 20 | L51: =IF(K51="","",IF(LEFT(K51,3)="USD","$"&MID(K51,4,LEN(K51)-3),K51)) -> 20 | M51: 1.4 | N51: 1 | O51: 0.63 | P51: =IF(O51="","",IF(O51<1,O51,O51/100)) -> 0.63
A52: FL250051 | B52: Julie Burgess | C52: =PROPER(B52) -> Julie Burgess | D52: FEMALE | E52: =PROPER(D52) -> Female | F52: 23 | G52: Argentina | H52: Spanish | I52: Cybersecurity | J52: 11 | K52: 75 | L52: =IF(K52="","",IF(LEFT(K52,3)="USD","$"&MID(K52,4,LEN(K52)-3),K52)) -> 75 | M52: 1.9 | N52: 1 | O52: 0.79 | P52: =IF(O52="","",IF(O52<1,O52,O52/100)) -> 0.79
A53: FL250052 | B53: Don Scott | C53: =PROPER(B53) -> Don Scott | D53: male | E53: =PROPER(D53) -> Male | F53: 31 | G53: France | H53: French | I53: Data Analysis | J53: 8 | K53: 50 | L53: =IF(K53="","",IF(LEFT(K53,3)="USD","$"&MID(K53,4,LEN(K53)-3),K53)) -> 50 | M53: 3.4 | N53: 0 | O53: 16 | P53: =IF(O53="","",IF(O53<1,O53,O53/100)) -> 0.16
A54: FL250053 | B54: Kyle Atkinson | C54: =PROPER(B54) -> Kyle Atkinson | D54: Male | E54: =PROPER(D54) -> Male | F54: 51 | G54: Germany | H54: German | I54: Machine Learning | J54: 33 | K54: 75 | L54: =IF(K54="","",IF(LEFT(K54,3)="USD","$"&MID(K54,4,LEN(K54)-3),K54)) -> 75 | M54: 3.3 | N54: 1 | O54: 0.68 | P54: =IF(O54="","",IF(O54<1,O54,O54/100)) -> 0.68
A55: FL250054 | B55: Jimmy Hogan | C55: =PROPER(B55) -> Jimmy Hogan | D55: male | E55: =PROPER(D55) -> Male | F55: 41 | G55: Spain | H55: Spanish | I55: UI/UX Design | J55: 1 | K55: 30 | L55: =IF(K55="","",IF(LEFT(K55,3)="USD","$"&MID(K55,4,LEN(K55)-3),K55)) -> 30 | M55: 0 | N55: 0 | O55: 0.68 | P55: =IF(O55="","",IF(O55<1,O55,O55/100)) -> 0.68
A56: FL250055 | B56: Jennifer Mcintyre | C56: =PROPER(B56) -> Jennifer Mcintyre | D56: female | E56: =PROPER(D56) -> Female | F56: 29 | G56: Turkey | H56: Turkish | I56: Cybersecurity | J56: 11 | K56: 100 | L56: =IF(K56="","",IF(LEFT(K56,3)="USD","$"&MID(K56,4,LEN(K56)-3),K56)) -> 100 | M56: 2.3 | N56: 1 | O56: 0.72 | P56: =IF(O56="","",IF(O56<1,O56,O56/100)) -> 0.72
A57: FL250056 | B57: Larry Simpson | C57: =PROPER(B57) -> Larry Simpson | D57: male | E57: =PROPER(D57) -> Male | F57: 50 | G57: United Kingdom | H57: English | I57: AI | J57: 15 | K57: 40 | L57: =IF(K57="","",IF(LEFT(K57,3)="USD","$"&MID(K57,4,LEN(K57)-3),K57)) -> 40 | M57: 2 | N57: 1 | O57: 0.65 | P57: =IF(O57="","",IF(O57<1,O57,O57/100)) -> 0.65
A58: FL250057 | B58: Laura Price | C58: =PROPER(B58) -> Laura Price | D58: female | E58: =PROPER(D58) -> Female | F58: 26 | G58: United Kingdom | H58: English | I58: DevOps | J58: 8 | K58: 50 | L58: =IF(K58="","",IF(LEFT(K58,3)="USD","$"&MID(K58,4,LEN(K58)-3),K58)) -> 50 | M58: 1.3 | N58: 0 | O58: 0.76 | P58: =IF(O58="","",IF(O58<1,O58,O58/100)) -> 0.76
A59: FL250058 | B59: Mark Wright | C59: =PROPER(B59) -> Mark Wright | D59: Male | E59: =PROPER(D59) -> Male | F59: 38 | G59: Canada | H59: English | I59: AI | J59: 17 | K59: USD 40 | L59: =IF(K59="","",IF(LEFT(K59,3)="USD","$"&MID(K59,4,LEN(K59)-3),K59)) -> $ 40 | M59: 4 | N59: 1 | O59: 0.9 | P59: =IF(O59="","",IF(O59<1,O59,O59/100)) -> 0.9
A60: FL250059 | B60: Samantha Mcdaniel | C60: =PROPER(B60) -> Samantha Mcdaniel | D60: FEMALE | E60: =PROPER(D60) -> Female | F60: 23 | G60: India | H60: Hindi | I60: Mobile Apps | J60: 11 | K60: 75 | L60: =IF(K60="","",IF(LEFT(K60,3)="USD","$"&MID(K60,4,LEN(K60)-3),K60)) -> 75 | M60: 3.6 | N60: 1 | O60: 0.65 | P60: =IF(O60="","",IF(O60<1,O60,O60/100)) -> 0.65
A61: FL250060 | B61: Barbara Foster | C61: =PROPER(B61) -> Barbara Foster | D61: Female | E61: =PROPER(D61) -> Female | F61: 51 | G61: South Africa | H61: Afrikaans | I61: DevOps | J61: 28 | K61: 40 | L61: =IF(K61="","",IF(LEFT(K61,3)="USD","$"&MID(K61,4,LEN(K61)-3),K61)) -> 40 | M61: 3.9 | N61: 0 | O61: 0.63 | P61: =IF(O61="","",IF(O61<1,O61,O61/100)) -> 0.63
A62: FL250061 | B62: Courtney Tran | C62: =PROPER(B62) -> Courtney Tran | D62: female | E62: =PROPER(D62) -> Female | F62: 51 | G62: Indonesia | H62: Indonesian | I62: AI | J62: 33 | K62: 75 | L62: =IF(K62="","",IF(LEFT(K62,3)="USD","$"&MID(K62,4,LEN(K62)-3),K62)) -> 75 | M62: 0 | N62: 1 | O62: 16 | P62: =IF(O62="","",IF(O62<1,O62,O62/100)) -> 0.16
A63: FL250062 | B63: Eddie Todd | C63: =PROPER(B63) -> Eddie Todd | D63: Male | E63: =PROPER(D63) -> Male | F63: 47 | G63: Germany | H63: German | I63: AI | J63: 18 | K63: 75 | L63: =IF(K63="","",IF(LEFT(K63,3)="USD","$"&MID(K63,4,LEN(K63)-3),K63)) -> 75 | M63: 0 | N63: 0 | O63: 16 | P63: =IF(O63="","",IF(O63<1,O63,O63/100)) -> 0.16
A64: FL250063 | B64: Christine Johnson | C64: =PROPER(B64) -> Christine Johnson | D64: Female | E64: =PROPER(D64) -> Female | F64: 34 | G64: Russia | H64: Russian | I64: UI/UX Design | J64: 16 | K64: 20 | L64: =IF(K64="","",IF(LEFT(K64,3)="USD","$"&MID(K64,4,LEN(K64)-3),K64)) -> 20 | M64: 2.3 | N64: 1 | O64: 0.93 | P64: =IF(O64="","",IF(O64<1,O64,O64/100)) -> 0.93
A65: FL250064 | B65: Leah Phelps | C65: =PROPER(B65) -> Leah Phelps | D65: female | E65: =PROPER(D65) -> Female | F65: 58 | G65: Indonesia | H65: Indonesian | I65: Data Analysis | J65: 35 | K65: USD 50 | L65: =IF(K65="","",IF(LEFT(K65,3)="USD","$"&MID(K65,4,LEN(K65)-3),K65)) -> $ 50 | M65: 4.7 | N65: 1 | O65: 0.7 | P65: =IF(O65="","",IF(O65<1,O65,O65/100)) -> 0.7
A66: FL250065 | B66: Rebekah Williams | C66: =PROPER(B66) -> Rebekah Williams | D66: female | E66: =PROPER(D66) -> Female | F66: 50 | G66: Russia | H66: Russian | I66: AI | J66: 14 | K66: 40 | L66: =IF(K66="","",IF(LEFT(K66,3)="USD","$"&MID(K66,4,LEN(K66)-3),K66)) -> 40 | M66: 3.5 | N66: 1 | O66: 0.83 | P66: =IF(O66="","",IF(O66<1,O66,O66/100)) -> 0.83
A67: FL250066 | B67: Crystal Wilson | C67: =PROPER(B67) -> Crystal Wilson | D67: FEMALE | E67: =PROPER(D67) -> Female | F67: 34 | G67: Spain | H67: Spanish | I67: Web Development | J67: 12 | K67: 40 | L67: =IF(K67="","",IF(LEFT(K67,3)="USD","$"&MID(K67,4,LEN(K67)-3),K67)) -> 40 | M67: 2.4 | N67: 1 | O67: 64 | P67: =IF(O67="","",IF(O67<1,O67,O67/100)) -> 0.64
A68: FL250067 | B68: Ashley Cordova | C68: =PROPER(B68) -> Ashley Cordova | D68: Female | E68: =PROPER(D68) -> Female | F68: 45 | G68: Brazil | H68: Portuguese | I68: AI | J68: 11 | K68: USD 75 | L68: =IF(K68="","",IF(LEFT(K68,3)="USD","$"&MID(K68,4,LEN(K68)-3),K68)) -> $ 75 | M68: 4 | N68: 0 | O68: 1 | P68: =IF(O68="","",IF(O68<1,O68,O68/100)) -> 0.01
A69: FL250068 | B69: Vicki Kelly | C69: =PROPER(B69) -> Vicki Kelly | D69: FEMALE | E69: =PROPER(D69) -> Female | F69: 55 | G69: Brazil | H69: Portuguese | I69: Web Development | J69: 11 | K69: 40 | L69: =IF(K69="","",IF(LEFT(K69,3)="USD","$"&MID(K69,4,LEN(K69)-3),K69)) -> 40 | M69: 0 | N69: 1 | O69: 16 | P69: =IF(O69="","",IF(O69<1,O69,O69/100)) -> 0.16
A70: FL250069 | B70: Corey Warren | C70: =PROPER(B70) -> Corey Warren | D70: male | E70: =PROPER(D70) -> Male | F70: 41 | G70: Argentina | H70: Spanish | I70: UI/UX Design | J70: 6 | K70: 100 | L70: =IF(K70="","",IF(LEFT(K70,3)="USD","$"&MID(K70,4,LEN(K70)-3),K70)) -> 100 | M70: 1.5 | N70: 0 | O70: 16 | P70: =IF(O70="","",IF(O70<1,O70,O70/100)) -> 0.16
A71: FL250070 | B71: Gina Thompson | C71: =PROPER(B71) -> Gina Thompson | D71: FEMALE | E71: =PROPER(D71) -> Female | F71: 60 | G71: China | H71: Mandarin | I71: UI/UX Design | J71: 38 | K71: 20 | L71: =IF(K71="","",IF(LEFT(K71,3)="USD","$"&MID(K71,4,LEN(K71)-3),K71)) -> 20 | M71: 2 | N71: 1 | O71: 0.71 | P71: =IF(O71="","",IF(O71<1,O71,O71/100)) -> 0.71
A72: FL250071 | B72: Yvonne Berg | C72: =PROPER(B72) -> Yvonne Berg | D72: female | E72: =PROPER(D72) -> Female | F72: 33 | G72: South Africa | H72: Afrikaans | I72: Mobile Apps | J72: 11 | K72: 40 | L72: =IF(K72="","",IF(LEFT(K72,3)="USD","$"&MID(K72,4,LEN(K72)-3),K72)) -> 40 | M72: 3 | N72: 1 | O72: 0.84 | P72: =IF(O72="","",IF(O72<1,O72,O72/100)) -> 0.84
A73: FL250072 | B73: Thomas Miller | C73: =PROPER(B73) -> Thomas Miller | D73: male | E73: =PROPER(D73) -> Male | F73: 60 | G73: Italy | H73: Italian | I73: DevOps | J73: 13 | K73: USD 50 | L73: =IF(K73="","",IF(LEFT(K73,3)="USD","$"&MID(K73,4,LEN(K73)-3),K73)) -> $ 50 | M73: 1 | N73: 0 | O73: 16 | P73: =IF(O73="","",IF(O73<1,O73,O73/100)) -> 0.16
A74: FL250073 | B74: Nicholas Burton | C74: =PROPER(B74) -> Nicholas Burton | D74: MALE | E74: =PROPER(D74) -> Male | F74: 40 | G74: United States | H74: English | I74: Web Development | J74: 9 | K74: 100 | L74: =IF(K74="","",IF(LEFT(K74,3)="USD","$"&MID(K74,4,LEN(K74)-3),K74)) -> 100 | M74: 4.5 | N74: 1 | O74: 0.69 | P74: =IF(O74="","",IF(O74<1,O74,O74/100)) -> 0.69
A75: FL250074 | B75: Jorge Riley | C75: =PROPER(B75) -> Jorge Riley | D75: Male | E75: =PROPER(D75) -> Male | F75: 59 | G75: Australia | H75: English | I75: Blockchain Development | J75: 4 | K75: 40 | L75: =IF(K75="","",IF(LEFT(K75,3)="USD","$"&MID(K75,4,LEN(K75)-3),K75)) -> 40 | M75: 1.9 | N75: 0 | O75: 88 | P75: =IF(O75="","",IF(O75<1,O75,O75/100)) -> 0.88
A76: FL250075 | B76: Melvin Harris | C76: =PROPER(B76) -> Melvin Harris | D76: male | E76: =PROPER(D76) -> Male | F76: 36 | G76: Italy | H76: Italian | I76: Machine Learning | J76: 14 | K76: 100 | L76: =IF(K76="","",IF(LEFT(K76,3)="USD","$"&MID(K76,4,LEN(K76)-3),K76)) -> 100 | M76: 3.7 | N76: 0 | O76: 16 | P76: =IF(O76="","",IF(O76<1,O76,O76/100)) -> 0.16
A77: FL250076 | B77: Jeremy Meyer | C77: =PROPER(B77) -> Jeremy Meyer | D77: Male | E77: =PROPER(D77) -> Male | F77: 32 | G77: India | H77: Hindi | I77: Data Analysis | J77: 11 | K77: 30 | L77: =IF(K77="","",IF(LEFT(K77,3)="USD","$"&MID(K77,4,LEN(K77)-3),K77)) -> 30 | M77: 1.9 | N77: 1 | O77: 0.96 | P77: =IF(O77="","",IF(O77<1,O77,O77/100)) -> 0.96
A78: FL250077 | B78: Timothy Lee | C78: =PROPER(B78) -> Timothy Lee | D78: male | E78: =PROPER(D78) -> Male | F78: 59 | G78: Australia | H78: English | I78: AI | J78: 9 | K78: USD 75 | L78: =IF(K78="","",IF(LEFT(K78,3)="USD","$"&MID(K78,4,LEN(K78)-3),K78)) -> $ 75 | M78: 4 | N78: 1 | O78: 96 | P78: =IF(O78="","",IF(O78<1,O78,O78/100)) -> 0.96
A79: FL250078 | B79: Diana Bautista | C79: =PROPER(B79) -> Diana Bautista | D79: female | E79: =PROPER(D79) -> Female | F79: 54 | G79: Spain | H79: Spanish | I79: DevOps | J79: 32 | K79: USD 40 | L79: =IF(K79="","",IF(LEFT(K79,3)="USD","$"&MID(K79,4,LEN(K79)-3),K79)) -> $ 40 | M79: 1.8 | N79: 0 | O79: 16 | P79: =IF(O79="","",IF(O79<1,O79,O79/100)) -> 0.16
A80: FL250079 | B80: Leslie Rodriguez | C80: =PROPER(B80) -> Leslie Rodriguez | D80: female | E80: =PROPER(D80) -> Female | F80: 37 | G80: Canada | H80: English | I80: Graphic Design | J80: 9 | K80: 40 | L80: =IF(K80="","",IF(LEFT(K80,3)="USD","$"&MID(K80,4,LEN(K80)-3),K80)) -> 40 | M80: 0 | N80: 1 | O80: 0.89 | P80: =IF(O80="","",IF(O80<1,O80,O80/100)) -> 0.89
A81: FL250080 | B81: Noah Wiggins | C81: =PROPER(B81) -> Noah Wiggins | D81: MALE | E81: =PROPER(D81) -> Male | F81: 54 | G81: India | H81: Hindi | I81: Machine Learning | J81: 21 | K81: 100 | L81: =IF(K81="","",IF(LEFT(K81,3)="USD","$"&MID(K81,4,LEN(K81)-3),K81)) -> 100 | M81: 4.6 | N81: 0 | O81: 16 | P81: =IF(O81="","",IF(O81<1,O81,O81/100)) -> 0.16
A82: FL250081 | B82: Bridget Williams | C82: =PROPER(B82) -> Bridget Williams | D82: Female | E82: =PROPER(D82) -> Female | F82: 33 | G82: Argentina | H82: Spanish | I82: UI/UX Design | J82: 12 | K82: 100 | L82: =IF(K82="","",IF(LEFT(K82,3)="USD","$"&MID(K82,4,LEN(K82)-3),K82)) -> 100 | M82: 3.6 | N82: 0 | O82: 0.63 | P82: =IF(O82="","",IF(O82<1,O82,O82/100)) -> 0.63
A83: FL250082 | B83: Veronica Baker | C83: =PROPER(B83) -> Veronica Baker | D83: female | E83: =PROPER(D83) -> Female | F83: 25 | G83: Egypt | H83: Arabic | I83: Web Development | J83: 7 | K83: USD 40 | L83: =IF(K83="","",IF(LEFT(K83,3)="USD","$"&MID(K83,4,LEN(K83)-3),K83)) -> $ 40 | M83: 4.4 | N83: 1 | O83: 81 | P83: =IF(O83="","",IF(O83<1,O83,O83/100)) -> 0.81
A84: FL250083 | B84: Andrew Avila | C84: =PROPER(B84) -> Andrew Avila | D84: Male | E84: =PROPER(D84) -> Male | F84: 41 | G84: China | H84: Mandarin | I84: DevOps | J84: 3 | K84: 40 | L84: =IF(K84="","",IF(LEFT(K84,3)="USD","$"&MID(K84,4,LEN(K84)-3),K84)) -> 40 | M84: 4.6 | N84: 0 | O84: 0.74 | P84: =IF(O84="","",IF(O84<1,O84,O84/100)) -> 0.74
A85: FL250084 | B85: Michael Roberson | C85: =PROPER(B85) -> Michael Roberson | D85: male | E85: =PROPER(D85) -> Male | F85: 35 | G85: South Korea | H85: Korean | I85: Web Development | J85: 5 | K85: 75 | L85: =IF(K85="","",IF(LEFT(K85,3)="USD","$"&MID(K85,4,LEN(K85)-3),K85)) -> 75 | M85: 3.2 | N85: 0 | O85: 0.72 | P85: =IF(O85="","",IF(O85<1,O85,O85/100)) -> 0.72
A86: FL250085 | B86: Austin Jenkins | C86: =PROPER(B86) -> Austin Jenkins | D86: Male | E86: =PROPER(D86) -> Male | F86: 59 | G86: South Korea | H86: Korean | I86: AI | J86: 30 | K86: 40 | L86: =IF(K86="","",IF(LEFT(K86,3)="USD","$"&MID(K86,4,LEN(K86)-3),K86)) -> 40 | M86: 0 | N86: 1 | O86: 16 | P86: =IF(O86="","",IF(O86<1,O86,O86/100)) -> 0.16
A87: FL250086 | B87: Brenda Green | C87: =PROPER(B87) -> Brenda Green | D87: female | E87: =PROPER(D87) -> Female | F87: 21 | G87: China | H87: Mandarin | I87: DevOps | J87: 2 | K87: 100 | L87: =IF(K87="","",IF(LEFT(K87,3)="USD","$"&MID(K87,4,LEN(K87)-3),K87)) -> 100 | M87: 2.6 | N87: 1 | O87: 0.85 | P87: =IF(O87="","",IF(O87<1,O87,O87/100)) -> 0.85
A88: FL250087 | B88: Samuel Pierce | C88: =PROPER(B88) -> Samuel Pierce | D88: male | E88: =PROPER(D88) -> Male | F88: 25 | G88: United States | H88: English | I88: Mobile Apps | J88: 2 | K88: 75 | L88: =IF(K88="","",IF(LEFT(K88,3)="USD","$"&MID(K88,4,LEN(K88)-3),K88)) -> 75 | M88: 3.7 | N88: 0 | O88: 16 | P88: =IF(O88="","",IF(O88<1,O88,O88/100)) -> 0.16
A89: FL250088 | B89: Briana Smith | C89: =PROPER(B89) -> Briana Smith | D89: female | E89: =PROPER(D89) -> Female | F89: 38 | G89: Mexico | H89: Spanish | I89: Web Development | J89: 19 | K89: 75 | L89: =IF(K89="","",IF(LEFT(K89,3)="USD","$"&MID(K89,4,LEN(K89)-3),K89)) -> 75 | M89: 2.3 | N89: 0 | O89: 0.61 | P89: =IF(O89="","",IF(O89<1,O89,O89/100)) -> 0.61
A90: FL250089 | B90: Ronald Barrett | C90: =PROPER(B90) -> Ronald Barrett | D90: Male | E90: =PROPER(D90) -> Male | F90: 57 | G90: Russia | H90: Russian | I90: AI | J90: 16 | K90: 100 | L90: =IF(K90="","",IF(LEFT(K90,3)="USD","$"&MID(K90,4,LEN(K90)-3),K90)) -> 100 | M90: 3.1 | N90: 0 | O90: 16 | P90: =IF(O90="","",IF(O90<1,O90,O90/100)) -> 0.16
A91: FL250090 | B91: Matthew Smith | C91: =PROPER(B91) -> Matthew Smith | D91: male | E91: =PROPER(D91) -> Male | F91: 32 | G91: India | H91: Hindi | I91: Mobile Apps | J91: 10 | K91: 20 | L91: =IF(K91="","",IF(LEFT(K91,3)="USD","$"&MID(K91,4,LEN(K91)-3),K91)) -> 20 | M91: 2.4 | N91: 0 | O91: 0.86 | P91: =IF(O91="","",IF(O91<1,O91,O91/100)) -> 0.86
A92: FL250091 | B92: Logan Huang | C92: =PROPER(B92) -> Logan Huang | D92: male | E92: =PROPER(D92) -> Male | F92: 21 | G92: Italy | H92: Italian | I92: DevOps | J92: 2 | K92: USD 100 | L92: =IF(K92="","",IF(LEFT(K92,3)="USD","$"&MID(K92,4,LEN(K92)-3),K92)) -> $ 100 | M92: 1.6 | N92: 1 | O92: 0.97 | P92: =IF(O92="","",IF(O92<1,O92,O92/100)) -> 0.97
A93: FL250092 | B93: Miranda Hutchinson | C93: =PROPER(B93) -> Miranda Hutchinson | D93: Female | E93: =PROPER(D93) -> Female | F93: 57 | G93: Canada | H93: English | I93: Cybersecurity | J93: 18 | K93: 50 | L93: =IF(K93="","",IF(LEFT(K93,3)="USD","$"&MID(K93,4,LEN(K93)-3),K93)) -> 50 | M93: 2.4 | N93: 1 | O93: 0.63 | P93: =IF(O93="","",IF(O93<1,O93,O93/100)) -> 0.63
A94: FL250093 | B94: Paul Richardson | C94: =PROPER(B94) -> Paul Richardson | D94: male | E94: =PROPER(D94) -> Male | F94: 53 | G94: China | H94: Mandarin | I94: UI/UX Design | J94: 21 | K94: USD 100 | L94: =IF(K94="","",IF(LEFT(K94,3)="USD","$"&MID(K94,4,LEN(K94)-3),K94)) -> $ 100 | M94: 3 | N94: 1 | O94: 0.97 | P94: =IF(O94="","",IF(O94<1,O94,O94/100)) -> 0.97
A95: FL250094 | B95: Jose Jones | C95: =PROPER(B95) -> Jose Jones | D95: male | E95: =PROPER(D95) -> Male | F95: 35 | G95: Russia | H95: Russian | I95: Blockchain Development | J95: 3 | K95: USD 30 | L95: =IF(K95="","",IF(LEFT(K95,3)="USD","$"&MID(K95,4,LEN(K95)-3),K95)) -> $ 30 | M95: 3.8 | N95: 1 | O95: 0.81 | P95: =IF(O95="","",IF(O95<1,O95,O95/100)) -> 0.81
A96: FL250095 | B96: Denise Smith | C96: =PROPER(B96) -> Denise Smith | D96: female | E96: =PROPER(D96) -> Female | F96: 54 | G96: China | H96: Mandarin | I96: Machine Learning | J96: 17 | K96: 20 | L96: =IF(K96="","",IF(LEFT(K96,3)="USD","$"&MID(K96,4,LEN(K96)-3),K96)) -> 20 | M96: 1.7 | N96: 0 | O96: 0.69 | P96: =IF(O96="","",IF(O96<1,O96,O96/100)) -> 0.69
A97: FL250096 | B97: Shelby Mcmahon | C97: =PROPER(B97) -> Shelby Mcmahon | D97: FEMALE | E97: =PROPER(D97) -> Female | F97: 36 | G97: Italy | H97: Italian | I97: UI/UX Design | J97: 11 | K97: 20 | L97: =IF(K97="","",IF(LEFT(K97,3)="USD","$"&MID(K97,4,LEN(K97)-3),K97)) -> 20 | M97: 1.3 | N97: 1 | O97: 0.64 | P97: =IF(O97="","",IF(O97<1,O97,O97/100)) -> 0.64
A98: FL250097 | B98: Bethany Wright | C98: =PROPER(B98) -> Bethany Wright | D98: female | E98: =PROPER(D98) -> Female | F98: 49 | G98: Spain | H98: Spanish | I98: Cybersecurity | J98: 25 | K98: 50 | L98: =IF(K98="","",IF(LEFT(K98,3)="USD","$"&MID(K98,4,LEN(K98)-3),K98)) -> 50 | M98: 5 | N98: 0 | O98: 0.77 | P98: =IF(O98="","",IF(O98<1,O98,O98/100)) -> 0.77
A99: FL250098 | B99: David Ortiz | C99: =PROPER(B99) -> David Ortiz | D99: Male | E99: =PROPER(D99) -> Male | F99: 37 | G99: United States | H99: English | I99: Blockchain Development | J99: 17 | K99: 20 | L99: =IF(K99="","",IF(LEFT(K99,3)="USD","$"&MID(K99,4,LEN(K99)-3),K99)) -> 20 | M99: 3.3 | N99: 0 | O99: 96 | P99: =IF(O99="","",IF(O99<1,O99,O99/100)) -> 0.96
A100: FL250099 | B100: Andrew Lynch | C100: =PROPER(B100) -> Andrew Lynch | D100: MALE | E100: =PROPER(D100) -> Male | F100: 41 | G100: United States | H100: English | I100: UI/UX Design | J100: 5 | K100: 20 | L100: =IF(K100="","",IF(LEFT(K100,3)="USD","$"&MID(K100,4,LEN(K100)-3),K100)) -> 20 | M100: 1.1 | N100: 1 | O100: 0.74 | P100: =IF(O100="","",IF(O100<1,O100,O100/100)) -> 0.74
...

Sheet globalfreelancepreprocesseddata
A1: Freelancer id | B1: Name | C1: Gender | D1: Age | E1: Country | F1: Language | G1: Primary skill | H1: Years of experience | I1: Hourly rate (USD) | J1: Rating | K1: Active | L1: Client satisfaction
A2: FL250001 | B2: =VLOOKUP(globalfreelancepreprocesseddata!A2,worksheet!A:P,3,FALSE) -> Ms. Nicole Kidd | C2: =VLOOKUP(globalfreelancepreprocesseddata!A2,worksheet!A:P,5,FALSE) -> Female | D2: =VLOOKUP(globalfreelancepreprocesseddata!A2,worksheet!A:P,6,FALSE) -> 52 | E2: =VLOOKUP(globalfreelancepreprocesseddata!A2,worksheet!A:P,7,FALSE) -> Italy | F2: =VLOOKUP(globalfreelancepreprocesseddata!A2,worksheet!A:P,8,FALSE) -> Italian | G2: =VLOOKUP(globalfreelancepreprocesseddata!A2,worksheet!A:P,9,FALSE) -> Blockchain Development | H2: =VLOOKUP(globalfreelancepreprocesseddata!A2,worksheet!A:P,10,FALSE) -> 11 | I2: =VLOOKUP(globalfreelancepreprocesseddata!A2,worksheet!A:P,12,FALSE) -> 100 | J2: =VLOOKUP(globalfreelancepreprocesseddata!A2,worksheet!A:P,13,FALSE) -> 3 | K2: =VLOOKUP(globalfreelancepreprocesseddata!A2,worksheet!A:P,14,FALSE) -> 0 | L2: =VLOOKUP(globalfreelancepreprocesseddata!A2,worksheet!A:P,16,FALSE) -> 0.16
A3: FL250002 | B3: =VLOOKUP(globalfreelancepreprocesseddata!A3,worksheet!A:P,3,FALSE) -> Vanessa Garcia | C3: =VLOOKUP(globalfreelancepreprocesseddata!A3,worksheet!A:P,5,FALSE) -> Female | D3: =VLOOKUP(globalfreelancepreprocesseddata!A3,worksheet!A:P,6,FALSE) -> 52 | E3: =VLOOKUP(globalfreelancepreprocesseddata!A3,worksheet!A:P,7,FALSE) -> Australia | F3: =VLOOKUP(globalfreelancepreprocesseddata!A3,worksheet!A:P,8,FALSE) -> English | G3: =VLOOKUP(globalfreelancepreprocesseddata!A3,worksheet!A:P,9,FALSE) -> Mobile Apps | H3: =VLOOKUP(globalfreelancepreprocesseddata!A3,worksheet!A:P,10,FALSE) -> 34 | I3: =VLOOKUP(globalfreelancepreprocesseddata!A3,worksheet!A:P,12,FALSE) -> $ 100 | J3: =VLOOKUP(globalfreelancepreprocesseddata!A3,worksheet!A:P,13,FALSE) -> 3.3 | K3: =VLOOKUP(globalfreelancepreprocesseddata!A3,worksheet!A:P,14,FALSE) -> 1 | L3: =VLOOKUP(globalfreelancepreprocesseddata!A3,worksheet!A:P,16,FALSE) -> 0.84
A4: FL250003 | B4: =VLOOKUP(globalfreelancepreprocesseddata!A4,worksheet!A:P,3,FALSE) -> Juan Nelson | C4: =VLOOKUP(globalfreelancepreprocesseddata!A4,worksheet!A:P,5,FALSE) -> Male | D4: =VLOOKUP(globalfreelancepreprocesseddata!A4,worksheet!A:P,6,FALSE) -> 53 | E4: =VLOOKUP(globalfreelancepreprocesseddata!A4,worksheet!A:P,7,FALSE) -> Germany | F4: =VLOOKUP(globalfreelancepreprocesseddata!A4,worksheet!A:P,8,FALSE) -> German | G4: =VLOOKUP(globalfreelancepreprocesseddata!A4,worksheet!A:P,9,FALSE) -> Graphic Design | H4: =VLOOKUP(globalfreelancepreprocesseddata!A4,worksheet!A:P,10,FALSE) -> 31 | I4: =VLOOKUP(globalfreelancepreprocesseddata!A4,worksheet!A:P,12,FALSE) -> 50 | J4: =VLOOKUP(globalfreelancepreprocesseddata!A4,worksheet!A:P,13,FALSE) -> 0 | K4: =VLOOKUP(globalfreelancepreprocesseddata!A4,worksheet!A:P,14,FALSE) -> 0 | L4: =VLOOKUP(globalfreelancepreprocesseddata!A4,worksheet!A:P,16,FALSE) -> 0.71
A5: FL250004 | B5: =VLOOKUP(globalfreelancepreprocesseddata!A5,worksheet!A:P,3,FALSE) -> Amanda Spencer | C5: =VLOOKUP(globalfreelancepreprocesseddata!A5,worksheet!A:P,5,FALSE) -> Female | D5: =VLOOKUP(globalfreelancepreprocesseddata!A5,worksheet!A:P,6,FALSE) -> 38 | E5: =VLOOKUP(globalfreelancepreprocesseddata!A5,worksheet!A:P,7,FALSE) -> Australia | F5: =VLOOKUP(globalfreelancepreprocesseddata!A5,worksheet!A:P,8,FALSE) -> English | G5: =VLOOKUP(globalfreelancepreprocesseddata!A5,worksheet!A:P,9,FALSE) -> Web Development | H5: =VLOOKUP(globalfreelancepreprocesseddata!A5,worksheet!A:P,10,FALSE) -> 4 | I5: =VLOOKUP(globalfreelancepreprocesseddata!A5,worksheet!A:P,12,FALSE) -> 40 | J5: =VLOOKUP(globalfreelancepreprocesseddata!A5,worksheet!A:P,13,FALSE) -> 1.5 | K5: =VLOOKUP(globalfreelancepreprocesseddata!A5,worksheet!A:P,14,FALSE) -> 0 | L5: =VLOOKUP(globalfreelancepreprocesseddata!A5,worksheet!A:P,16,FALSE) -> 0.9
A6: FL250005 | B6: =VLOOKUP(globalfreelancepreprocesseddata!A6,worksheet!A:P,3,FALSE) -> Lynn Curtis Dds | C6: =VLOOKUP(globalfreelancepreprocesseddata!A6,worksheet!A:P,5,FALSE) -> Female | D6: =VLOOKUP(globalfreelancepreprocesseddata!A6,worksheet!A:P,6,FALSE) -> 53 | E6: =VLOOKUP(globalfreelancepreprocesseddata!A6,worksheet!A:P,7,FALSE) -> Germany | F6: =VLOOKUP(globalfreelancepreprocesseddata!A6,worksheet!A:P,8,FALSE) -> German | G6: =VLOOKUP(globalfreelancepreprocesseddata!A6,worksheet!A:P,9,FALSE) -> Web Development | H6: =VLOOKUP(globalfreelancepreprocesseddata!A6,worksheet!A:P,10,FALSE) -> 27 | I6: =VLOOKUP(globalfreelancepreprocesseddata!A6,worksheet!A:P,12,FALSE) -> 30 | J6: =VLOOKUP(globalfreelancepreprocesseddata!A6,worksheet!A:P,13,FALSE) -> 4.8 | K6: =VLOOKUP(globalfreelancepreprocesseddata!A6,worksheet!A:P,14,FALSE) -> 0 | L6: =VLOOKUP(globalfreelancepreprocesseddata!A6,worksheet!A:P,16,FALSE) -> 0.83
A7: FL250006 | B7: =VLOOKUP(globalfreelancepreprocesseddata!A7,worksheet!A:P,3,FALSE) -> Lisa Johnson | C7: =VLOOKUP(globalfreelancepreprocesseddata!A7,worksheet!A:P,5,FALSE) -> Female | D7: =VLOOKUP(globalfreelancepreprocesseddata!A7,worksheet!A:P,6,FALSE) -> 59 | E7: =VLOOKUP(globalfreelancepreprocesseddata!A7,worksheet!A:P,7,FALSE) -> Netherlands | F7: =VLOOKUP(globalfreelancepreprocesseddata!A7,worksheet!A:P,8,FALSE) -> Dutch | G7: =VLOOKUP(globalfreelancepreprocesseddata!A7,worksheet!A:P,9,FALSE) -> AI | H7: =VLOOKUP(globalfreelancepreprocesseddata!A7,worksheet!A:P,10,FALSE) -> 14 | I7: =VLOOKUP(globalfreelancepreprocesseddata!A7,worksheet!A:P,12,FALSE) -> 30 | J7: =VLOOKUP(globalfreelancepreprocesseddata!A7,worksheet!A:P,13,FALSE) -> 2.4 | K7: =VLOOKUP(globalfreelancepreprocesseddata!A7,worksheet!A:P,14,FALSE) -> 0 | L7: =VLOOKUP(globalfreelancepreprocesseddata!A7,worksheet!A:P,16,FALSE) -> 0.16
A8: FL250007 | B8: =VLOOKUP(globalfreelancepreprocesseddata!A8,worksheet!A:P,3,FALSE) -> Eric Myers | C8: =VLOOKUP(globalfreelancepreprocesseddata!A8,worksheet!A:P,5,FALSE) -> Male | D8: =VLOOKUP(globalfreelancepreprocesseddata!A8,worksheet!A:P,6,FALSE) -> 52 | E8: =VLOOKUP(globalfreelancepreprocesseddata!A8,worksheet!A:P,7,FALSE) -> Indonesia | F8: =VLOOKUP(globalfreelancepreprocesseddata!A8,worksheet!A:P,8,FALSE) -> Indonesian | G8: =VLOOKUP(globalfreelancepreprocesseddata!A8,worksheet!A:P,9,FALSE) -> Data Analysis | H8: =VLOOKUP(globalfreelancepreprocesseddata!A8,worksheet!A:P,10,FALSE) -> 10 | I8: =VLOOKUP(globalfreelancepreprocesseddata!A8,worksheet!A:P,12,FALSE) -> $ 75 | J8: =VLOOKUP(globalfreelancepreprocesseddata!A8,worksheet!A:P,13,FALSE) -> 3.1 | K8: =VLOOKUP(globalfreelancepreprocesseddata!A8,worksheet!A:P,14,FALSE) -> 0 | L8: =VLOOKUP(globalfreelancepreprocesseddata!A8,worksheet!A:P,16,FALSE) -> 0.94
A9: FL250008 | B9: =VLOOKUP(globalfreelancepreprocesseddata!A9,worksheet!A:P,3,FALSE) -> Ricky Graham | C9: =VLOOKUP(globalfreelancepreprocesseddata!A9,worksheet!A:P,5,FALSE) -> Male | D9: =VLOOKUP(globalfreelancepreprocesseddata!A9,worksheet!A:P,6,FALSE) -> 43 | E9: =VLOOKUP(globalfreelancepreprocesseddata!A9,worksheet!A:P,7,FALSE) -> Italy | F9: =VLOOKUP(globalfreelancepreprocesseddata!A9,worksheet!A:P,8,FALSE) -> Italian | G9: =VLOOKUP(globalfreelancepreprocesseddata!A9,worksheet!A:P,9,FALSE) -> Blockchain Development | H9: =VLOOKUP(globalfreelancepreprocesseddata!A9,worksheet!A:P,10,FALSE) -> 14 | I9: =VLOOKUP(globalfreelancepreprocesseddata!A9,worksheet!A:P,12,FALSE) -> $ 40 | J9: =VLOOKUP(globalfreelancepreprocesseddata!A9,worksheet!A:P,13,FALSE) -> 4.6 | K9: =VLOOKUP(globalfreelancepreprocesseddata!A9,worksheet!A:P,14,FALSE) -> 0 | L9: =VLOOKUP(globalfreelancepreprocesseddata!A9,worksheet!A:P,16,FALSE) -> 0.94
A10: FL250009 | B10: =VLOOKUP(globalfreelancepreprocesseddata!A10,worksheet!A:P,3,FALSE) -> Sean Martin | C10: =VLOOKUP(globalfreelancepreprocesseddata!A10,worksheet!A:P,5,FALSE) -> Male | D10: =VLOOKUP(globalfreelancepreprocesseddata!A10,worksheet!A:P,6,FALSE) -> 26 | E10: =VLOOKUP(globalfreelancepreprocesseddata!A10,worksheet!A:P,7,FALSE) -> United States | F10: =VLOOKUP(globalfreelancepreprocesseddata!A10,worksheet!A:P,8,FALSE) -> English | G10: =VLOOKUP(globalfreelancepreprocesseddata!A10,worksheet!A:P,9,FALSE) -> Blockchain Development | H10: =VLOOKUP(globalfreelancepreprocesseddata!A10,worksheet!A:P,10,FALSE) -> 4 | I10: =VLOOKUP(globalfreelancepreprocesseddata!A10,worksheet!A:P,12,FALSE) -> 40 | J10: =VLOOKUP(globalfreelancepreprocesseddata!A10,worksheet!A:P,13,FALSE) -> 4 | K10: =VLOOKUP(globalfreelancepreprocesseddata!A10,worksheet!A:P,14,FALSE) -> 1 | L10: =VLOOKUP(globalfreelancepreprocesseddata!A10,worksheet!A:P,16,FALSE) -> 0.76
A11: FL250010 | B11: =VLOOKUP(globalfreelancepreprocesseddata!A11,worksheet!A:P,3,FALSE) -> Matthew Lloyd | C11: =VLOOKUP(globalfreelancepreprocesseddata!A11,worksheet!A:P,5,FALSE) -> Male | D11: =VLOOKUP(globalfreelancepreprocesseddata!A11,worksheet!A:P,6,FALSE) -> 52 | E11: =VLOOKUP(globalfreelancepreprocesseddata!A11,worksheet!A:P,7,FALSE) -> Turkey | F11: =VLOOKUP(globalfreelancepreprocesseddata!A11,worksheet!A:P,8,FALSE) -> Turkish | G11: =VLOOKUP(globalfreelancepreprocesseddata!A11,worksheet!A:P,9,FALSE) -> AI | H11: =VLOOKUP(globalfreelancepreprocesseddata!A11,worksheet!A:P,10,FALSE) -> 22 | I11: =VLOOKUP(globalfreelancepreprocesseddata!A11,worksheet!A:P,12,FALSE) -> 50 | J11: =VLOOKUP(globalfreelancepreprocesseddata!A11,worksheet!A:P,13,FALSE) -> 3 | K11: =VLOOKUP(globalfreelancepreprocesseddata!A11,worksheet!A:P,14,FALSE) -> 1 | L11: =VLOOKUP(globalfreelancepreprocesseddata!A11,worksheet!A:P,16,FALSE) -> 0.16
A12: FL250011 | B12: =VLOOKUP(globalfreelancepreprocesseddata!A12,worksheet!A:P,3,FALSE) -> Gavin Randall | C12: =VLOOKUP(globalfreelancepreprocesseddata!A12,worksheet!A:P,5,FALSE) -> Male | D12: =VLOOKUP(globalfreelancepreprocesseddata!A12,worksheet!A:P,6,FALSE) -> 40 | E12: =VLOOKUP(globalfreelancepreprocesseddata!A12,worksheet!A:P,7,FALSE) -> United Kingdom | F12: =VLOOKUP(globalfreelancepreprocesseddata!A12,worksheet!A:P,8,FALSE) -> English | G12: =VLOOKUP(globalfreelancepreprocesseddata!A12,worksheet!A:P,9,FALSE) -> Data Analysis | H12: =VLOOKUP(globalfreelancepreprocesseddata!A12,worksheet!A:P,10,FALSE) -> 17 | I12: =VLOOKUP(globalfreelancepreprocesseddata!A12,worksheet!A:P,12,FALSE) -> 40 | J12: =VLOOKUP(globalfreelancepreprocesseddata!A12,worksheet!A:P,13,FALSE) -> 3.6 | K12: =VLOOKUP(globalfreelancepreprocesseddata!A12,worksheet!A:P,14,FALSE) -> 1 | L12: =VLOOKUP(globalfreelancepreprocesseddata!A12,worksheet!A:P,16,FALSE) -> 0.77
A13: FL250012 | B13: =VLOOKUP(globalfreelancepreprocesseddata!A13,worksheet!A:P,3,FALSE) -> Michelle Curtis | C13: =VLOOKUP(globalfreelancepreprocesseddata!A13,worksheet!A:P,5,FALSE) -> Female | D13: =VLOOKUP(globalfreelancepreprocesseddata!A13,worksheet!A:P,6,FALSE) -> 55 | E13: =VLOOKUP(globalfreelancepreprocesseddata!A13,worksheet!A:P,7,FALSE) -> Argentina | F13: =VLOOKUP(globalfreelancepreprocesseddata!A13,worksheet!A:P,8,FALSE) -> Spanish | G13: =VLOOKUP(globalfreelancepreprocesseddata!A13,worksheet!A:P,9,FALSE) -> UI/UX Design | H13: =VLOOKUP(globalfreelancepreprocesseddata!A13,worksheet!A:P,10,FALSE) -> 15 | I13: =VLOOKUP(globalfreelancepreprocesseddata!A13,worksheet!A:P,12,FALSE) -> 40 | J13: =VLOOKUP(globalfreelancepreprocesseddata!A13,worksheet!A:P,13,FALSE) -> 3 | K13: =VLOOKUP(globalfreelancepreprocesseddata!A13,worksheet!A:P,14,FALSE) -> 1 | L13: =VLOOKUP(globalfreelancepreprocesseddata!A13,worksheet!A:P,16,FALSE) -> 0.86
... A1001: FL251000 | B1001: =VLOOKUP(globalfreelancepreprocesseddata!A1001,worksheet!A:P,3,FALSE) -> Dawn Green | C1001: =VLOOKUP(globalfreelancepreprocesseddata!A1001,worksheet!A:P,5,FALSE) -> Female | D1001: =VLOOKUP(globalfreelancepreprocesseddata!A1001,worksheet!A:P,6,FALSE) -> 36 | E1001: =VLOOKUP(globalfreelancepreprocesseddata!A1001,worksheet!A:P,7,FALSE) -> Mexico | F1001: =VLOOKUP(globalfreelancepreprocesseddata!A1001,worksheet!A:P,8,FALSE) -> Spanish | G1001: =VLOOKUP(globalfreelancepreprocesseddata!A1001,worksheet!A:P,9,FALSE) -> UI/UX Design | H1001: =VLOOKUP(globalfreelancepreprocesseddata!A1001,worksheet!A:P,10,FALSE) -> 18 | I1001: =VLOOKUP(globalfreelancepreprocesseddata!A1001,worksheet!A:P,12,FALSE) -> 20 | J1001: =VLOOKUP(globalfreelancepreprocesseddata!A1001,worksheet!A:P,13,FALSE) -> 1.7 | K1001: =VLOOKUP(globalfreelancepreprocesseddata!A1001,worksheet!A:P,14,FALSE) -> 1 | L1001: =VLOOKUP(globalfreelancepreprocesseddata!A1001,worksheet!A:P,16,FALSE) -> 0.72

Sheet Pivottable
A3: Name | B3: Average of Years of experience
A4: Angela Blackwell | B4: 41
A5: Bradley Wu | B5: 39
A6: Gina Thompson | B6: 38
A7: Jennifer Allen | B7: 40
A8: John White | B8: 40
A9: Latoya Brown | B9: 40
A10: Miss Kimberly Marshall | B10: 40
A11: Rodney Wilson | B11: 39
A12: Ryan Ewing | B12: 39
A13: Thomas Ingram | B13: 39
A14: Grand Total | B14: 39.5
A18: Coutry | B18: Count of Freelancer id
A19: Argentina | B19: 47
A20: Australia | B20: 51
A21: Brazil | B21: 31
A22: Canada | B22: 65
A23: China | B23: 49
A24: Egypt | B24: 42
A25: France | B25: 44
A26: Germany | B26: 52
A27: India | B27: 45
A28: Indonesia | B28: 46
A29: Italy | B29: 42
A30: Japan | B30: 37
... A40: Grand Total | B40: 1000
B44: Primary Skill | C44: Count of Freelancer id
B45: AI | C45: 100
B46: Blockchain Development | C46: 105
B47: Cybersecurity | C47: 86
B48: Data Analysis | C48: 96
B49: DevOps | C49: 112
B50: Graphic Design | C50: 93
B51: Machine Learning | C51: 93
B52: Mobile Apps | C52: 102
B53: UI/UX Design | C53: 109
B54: Web Development | C54: 104
B55: Grand Total | C55: 1000
A60: Name | B60: Sum of Rating
A61: Allen Lee | B61: 5
A62: Anthony Downs | B62: 5
A63: Bethany Wright | B63: 5
A64: Daniel Harrington | B64: 5
A65: Elizabeth Hayes | B65: 5
A66: Emily Brown | B66: 5
A67: Jason Carter | B67: 5
A68: Jesus Quinn | B68: 5
A69: Lisa Johnson | B69: 7.2
A70: Melanie Gay | B70: 5
A71: Sarah Ho | B71: 7.8
A72: William Knapp | B72: 5
A73: Grand Total | B73: 65
A77: Name | B77: Sum of Active
A78: Aaron Blair | B78: 1
A79: Aaron Hicks | B79: 1
A80: Alan Williams | B80: 1
A81: Albert Wilcox | B81: 1
A82: Alex Smith | B82: 1
A83: Alex Wilson | B83: 1
A84: Alexa Gallegos | B84: 1
A85: Alexander Griffin | B85: 1
A86: Alexandra Sims | B86: 1
A87: Alexis Day | B87: 1
A88: Alison Clark | B88: 1
A89: Allen Turner | B89: 1
... A695: Grand Total | B695: 617
A698: Gender | B698: Count of Freelancer id
A699: Female | B699: 490
A700: Male | B700: 510
A701: Grand Total | B701: 1000
A703: Language | B703: Count of Freelancer id
A704: Afrikaans | B704: 44
A705: Arabic | B705: 42
A706: Dutch | B706: 51
A707: English | B707: 215
A708: French | B708: 44
A709: German | B709: 52
A710: Hindi | B710: 45
A711: Indonesian | B711: 46
A712: Italian | B712: 42
A713: Japanese | B713: 37
A714: Korean | B714: 68
A715: Mandarin | B715: 49
... A720: Grand Total | B720: 1000
A723: Name | B723: Sum of Client satisfaction
A724: Amanda Mitchell | B724: 1.67
A725: Amy Lee | B725: 1.46
A726: Clarence Vega | B726: 0.99
A727: Erin Martin | B727: 0.99
A728: Hannah Sanders | B728: 0.99
A729: Jason Carter | B729: 1.57
A730: Jason Weaver | B730: 0.99
A731: John Webb | B731: 0.99
A732: Kurt Wilson | B732: 1
A733: Margaret Garcia | B733: 0.99
A734: Mark Hudson | B734: 1
A735: Mary Brown | B735: 1.51
... A743: Grand Total | B743: 22.94
